{
    "accuracy": [
        0.5012877583503723,
        0.6836806535720825,
        0.7515804171562195,
        0.7963786721229553,
        0.8301724791526794,
        0.8479669094085693,
        0.8696635961532593,
        0.8897213935852051,
        0.8978381156921387,
        0.9100913405418396,
        0.9164910912513733,
        0.9296027421951294,
        0.9361585974693298,
        0.9410754442214966,
        0.9466167092323303,
        0.9512994885444641,
        0.9586357474327087,
        0.9608991146087646,
        0.9609771370887756,
        0.9673768877983093
    ],
    "loss": [
        2.6997926235198975,
        1.308756709098816,
        0.9614216089248657,
        0.7412595152854919,
        0.6080155372619629,
        0.5042445659637451,
        0.4319691061973572,
        0.36889761686325073,
        0.32588979601860046,
        0.28663021326065063,
        0.2554670572280884,
        0.20854704082012177,
        0.1945878267288208,
        0.17739923298358917,
        0.1605665385723114,
        0.1461300402879715,
        0.1221010833978653,
        0.11453385651111603,
        0.11097431927919388,
        0.09879429638385773
    ],
    "val_accuracy": [
        0.737023115158081,
        0.805816113948822,
        0.8514696955680847,
        0.8730456829071045,
        0.8927454948425293,
        0.9083802103996277,
        0.922764241695404,
        0.9287054538726807,
        0.9346466660499573,
        0.943402111530304,
        0.9477798342704773,
        0.9524703025817871,
        0.9571607112884521,
        0.9590368866920471,
        0.9609130620956421,
        0.9624765515327454,
        0.9637273550033569,
        0.966541588306427,
        0.9668542742729187,
        0.9696685671806335
    ],
    "val_loss": [
        0.9919483065605164,
        0.6703076362609863,
        0.5059940218925476,
        0.4082040786743164,
        0.34122541546821594,
        0.29018494486808777,
        0.2540781795978546,
        0.23026391863822937,
        0.2067842334508896,
        0.1843983381986618,
        0.16364583373069763,
        0.15209290385246277,
        0.13976998627185822,
        0.12996314465999603,
        0.11972875148057938,
        0.1127992793917656,
        0.1052422747015953,
        0.10228054225444794,
        0.09673920273780823,
        0.0915895625948906
    ]
}